<?xml version="1.0" encoding="UTF-8"?>
<project-private xmlns="http://www.netbeans.org/ns/project-private/1">
    <editor-bookmarks xmlns="http://www.netbeans.org/ns/editor-bookmarks/2" lastBookmarkId="0"/>
    <open-files xmlns="http://www.netbeans.org/ns/projectui-open-files/2">
        <group>
            <file>file:/C:/Users/stefa/Documents/Faks/III%20godina/VI%20semestar/Distribuirani%20Sistemi/Kod/10.%20Primer%20-%20JMS_4/Automatizovana%20Proizvodnja/src/atomatizovanaproizvodnja/NoviMessageListener.java</file>
            <file>file:/C:/Users/stefa/Documents/Faks/III%20godina/VI%20semestar/Distribuirani%20Sistemi/Kod/10.%20Primer%20-%20JMS_4/Automatizovana%20Proizvodnja/src/atomatizovanaproizvodnja/AtomatizovanaProizvodnja.java</file>
            <file>file:/C:/Users/stefa/Documents/Faks/III%20godina/VI%20semestar/Distribuirani%20Sistemi/Kod/10.%20Primer%20-%20JMS_4/Automatizovana%20Proizvodnja/src/atomatizovanaproizvodnja/Klijent.java</file>
        </group>
    </open-files>
</project-private>
